time,edge_weight_89,edge_weight_810,edge_weight_811,edge_weight_812,edge_weight_813,edge_weight_914,edge_weight_915,edge_weight_916,edge_weight_917,edge_weight_918,edge_weight_1019,edge_weight_1020,edge_weight_1121,edge_weight_1122,edge_weight_1123,edge_weight_1224,edge_weight_1225,edge_weight_1326,edge_weight_1327
853,0,0,0,0,0,0,0,0,11,87,92,11,87,92,11,87,92,92,11
852,0,0,0,0,0,0,0,2584,11,87,92,11,87,92,11,87,2676,92,11
851,0,0,0,0,0,0,0,7751,11,87,92,11,87,92,11,87,7843,92,11
850,0,0,0,0,0,0,0,15501,11,87,92,11,87,92,11,87,15593,92,11
849,0,0,0,0,0,0,0,23251,11,87,92,11,87,92,11,87,23343,92,11
848,0,0,0,0,0,0,0,31001,11,87,92,11,87,92,11,87,31093,92,11
847,0,0,0,0,0,0,0,38751,11,87,92,11,87,92,11,87,38843,92,11
846,0,0,0,0,0,0,0,46501,11,87,92,11,87,92,11,87,46593,92,11
845,0,0,0,0,0,0,0,54251,11,87,92,11,87,92,11,87,54343,92,11
844,0,0,0,0,0,0,0,62001,11,87,92,11,87,92,11,87,62093,92,11
843,0,0,0,0,0,0,0,69751,11,87,92,11,87,92,11,87,69843,92,11
842,0,0,0,0,0,0,0,77501,11,87,92,11,87,92,11,87,77593,92,11
841,0,0,0,0,0,0,0,85251,11,87,92,11,87,92,11,87,85343,92,11
840,0,0,0,0,0,0,0,93001,11,87,92,11,87,92,11,87,93093,92,11
839,0,0,0,0,0,0,0,100755,11,87,92,11,87,92,11,87,100847,92,11
838,0,0,0,0,0,0,0,108513,11,87,92,11,87,92,11,87,108605,92,11
837,0,0,0,0,0,0,0,116276,11,87,92,11,87,92,11,87,116368,92,11
836,0,0,0,0,0,0,0,124039,11,87,92,11,87,92,11,87,124131,92,11
835,0,0,0,0,0,0,0,131802,11,87,92,11,87,92,11,87,131894,92,11
834,0,0,0,0,0,0,0,139565,11,87,92,11,87,92,11,87,139657,92,11
833,0,0,0,0,0,0,0,147328,11,87,92,11,87,92,11,87,147420,92,11
832,0,0,0,0,0,0,0,155091,11,87,92,11,87,92,11,87,155183,92,11
831,0,0,0,0,0,0,0,162854,11,87,92,11,87,92,11,87,162946,92,11
830,0,0,0,0,0,0,0,170617,11,87,92,11,87,92,11,87,170709,92,11
829,0,0,0,0,0,0,0,178380,11,87,92,11,87,92,11,87,178472,92,11
828,0,0,0,0,0,0,0,186143,11,87,92,11,87,92,11,87,186235,92,11
827,0,0,0,0,0,0,0,193906,11,87,92,11,87,92,11,87,193998,92,11
826,0,0,0,0,0,0,0,201669,11,87,92,11,87,92,11,87,201761,92,11
825,0,0,0,0,0,0,0,209432,11,87,92,11,87,92,11,87,209524,92,11
824,0,0,0,0,0,0,0,217195,11,87,92,11,87,92,11,87,217287,92,11
823,0,0,0,0,0,0,0,224958,11,87,92,11,87,92,11,87,225050,92,11
822,0,0,0,0,0,0,0,232721,11,87,92,11,87,92,11,87,232813,92,11
821,0,0,0,0,0,0,0,240484,11,87,92,11,87,92,11,87,240576,92,11
820,0,0,0,0,0,0,0,248247,11,87,92,11,87,92,11,87,248339,92,11
819,0,0,0,0,0,0,0,256010,11,87,92,11,87,92,11,87,256102,92,11
818,0,0,0,0,0,0,0,263773,11,87,92,11,87,92,11,87,263865,92,11
817,0,0,0,0,0,0,0,271536,11,87,92,11,87,92,11,87,271628,92,11
816,0,0,0,0,0,0,0,279299,11,87,92,11,87,92,11,87,279391,92,11
815,0,0,0,0,0,0,0,287062,11,87,92,11,87,92,11,87,287154,92,11
814,0,0,0,0,0,0,0,294826,11,87,92,11,87,92,11,87,294918,92,11
813,0,0,0,0,0,0,0,302590,11,87,92,11,87,92,11,87,302682,92,11
812,0,0,0,0,0,0,0,310354,11,87,92,11,87,92,11,87,310446,92,11
811,0,0,0,0,0,0,0,318118,11,87,92,11,87,92,11,87,318210,92,11
810,0,0,0,0,0,0,0,325882,11,87,92,11,87,92,11,87,325974,92,11
809,0,0,0,0,0,0,0,333646,11,87,92,11,87,92,11,87,333738,92,11
808,0,0,0,0,0,0,0,341411,11,87,92,11,87,92,11,87,341503,92,11
807,0,0,0,0,0,0,0,349176,11,87,92,11,87,92,11,87,349268,92,11
806,0,0,0,0,0,0,0,356941,11,87,92,11,87,92,11,87,357033,92,11
805,0,0,0,0,0,0,0,364706,11,87,92,11,87,92,11,87,364798,92,11
804,0,0,0,0,0,0,0,372471,11,87,92,11,87,92,11,87,372563,92,11
803,0,0,0,0,0,0,0,380237,11,87,92,11,87,92,11,87,380329,92,11
802,0,0,0,0,0,0,0,388003,11,87,92,11,87,92,11,87,388095,92,11
801,0,0,0,0,0,0,0,395769,11,87,92,11,87,92,11,87,395861,92,11
800,0,0,0,0,0,0,0,403535,11,87,92,11,87,92,11,87,403627,92,11
799,0,0,0,0,0,0,0,411301,11,87,92,11,87,92,11,87,411393,92,11
798,0,0,0,0,0,0,0,419067,11,87,92,11,87,92,11,87,419159,92,11
797,0,0,0,0,0,0,0,426833,11,87,92,11,87,92,11,87,426925,92,11
796,0,0,0,0,0,0,0,434599,11,87,92,11,87,92,11,87,434691,92,11
795,0,0,0,0,0,0,0,442366,11,87,92,11,87,92,11,87,442458,92,11
794,0,0,0,0,0,0,0,450134,11,87,92,11,87,92,11,87,450226,92,11
793,0,0,0,0,0,0,0,457902,11,87,92,11,87,92,11,87,457994,92,11
792,0,0,0,0,0,0,0,465670,11,87,92,11,87,92,11,87,465762,92,11
791,0,0,0,0,0,0,0,473438,11,87,92,11,87,92,11,87,473530,92,11
790,0,0,0,0,0,0,0,481206,11,87,92,11,87,92,11,87,481298,92,11
789,0,0,0,0,0,0,0,488974,11,87,92,11,87,92,11,87,489066,92,11
788,0,0,0,0,0,0,0,496742,11,87,92,11,87,92,11,87,496834,92,11
787,0,0,0,0,0,0,0,504510,11,87,92,11,87,92,11,87,504602,92,11
786,0,0,0,0,0,0,0,512278,11,87,92,11,87,92,11,87,512370,92,11
785,0,0,0,0,0,0,0,520046,11,87,92,11,87,92,11,87,520138,92,11
784,0,0,0,0,0,0,0,527814,11,87,92,11,87,92,11,87,527906,92,11
783,0,0,0,0,0,0,0,535583,11,87,92,11,87,92,11,87,535675,92,11
782,0,0,0,0,0,0,0,543352,11,87,92,11,87,92,11,87,543444,92,11
781,0,0,0,0,0,0,0,551121,11,87,92,11,87,92,11,87,551213,92,11
780,0,0,0,0,0,0,0,558890,11,87,92,11,87,92,11,87,558982,92,11
779,0,0,0,0,0,0,0,566659,11,87,92,11,87,92,11,87,566751,92,11
778,0,0,0,0,0,0,0,574429,11,87,92,11,87,92,11,87,574521,92,11
777,0,0,0,0,0,0,0,582199,11,87,92,11,87,92,11,87,582291,92,11
776,0,0,0,0,0,0,0,589973,11,87,92,11,87,92,11,87,590065,92,11
775,0,0,0,0,0,0,0,597751,11,87,92,11,87,92,11,87,597843,92,11
774,0,0,0,0,0,0,0,605534,11,87,92,11,87,92,11,87,605626,92,11
773,0,0,0,0,0,0,0,613317,11,87,92,11,87,92,11,87,613409,92,11
772,0,0,0,0,0,0,0,621100,11,87,92,11,87,92,11,87,621192,92,11
771,0,0,0,0,0,0,0,628883,11,87,92,11,87,92,11,87,628975,92,11
770,0,0,0,0,0,0,0,636666,11,87,92,11,87,92,11,87,636758,92,11
769,0,0,0,0,0,0,0,644449,11,87,92,11,87,92,11,87,644541,92,11
768,0,0,0,0,0,0,0,652232,11,87,92,11,87,92,11,87,652324,92,11
767,0,0,0,0,0,0,0,660015,11,87,92,11,87,92,11,87,660107,92,11
766,0,0,0,0,0,0,0,667798,11,87,92,11,87,92,11,87,667890,92,11
765,0,0,0,0,0,0,0,675581,11,87,92,11,87,92,11,87,675673,92,11
764,0,0,0,0,0,0,0,683364,11,87,92,11,87,92,11,87,683456,92,11
763,0,0,0,0,0,0,0,691147,11,87,92,11,87,92,11,87,691239,92,11
762,0,0,0,0,0,0,0,698931,11,87,92,11,87,92,11,87,699023,92,11
761,0,0,0,0,0,0,0,706715,11,87,92,11,87,92,11,87,706807,92,11
760,0,0,0,0,0,0,0,714499,11,87,92,11,87,92,11,87,714591,92,11
759,0,0,0,0,0,0,0,722283,11,87,92,11,87,92,11,87,722375,92,11
758,0,0,0,0,0,0,0,730067,11,87,92,11,87,92,11,87,730159,92,11
757,0,0,0,0,0,0,0,737851,11,87,92,11,87,92,11,87,737943,92,11
756,0,0,0,0,0,0,0,745635,11,87,92,11,87,92,11,87,745727,92,11
755,0,0,0,0,0,0,0,753419,11,87,92,11,87,92,11,87,753511,92,11
754,0,0,0,0,0,0,0,761203,11,87,92,11,87,92,11,87,761295,92,11
753,0,0,0,0,0,0,0,768987,11,87,92,11,87,92,11,87,769079,92,11
752,0,0,0,0,0,0,0,776772,11,87,92,11,87,92,11,87,776864,92,11
751,0,0,0,0,0,0,0,784557,11,87,92,11,87,92,11,87,784649,92,11
750,0,0,0,0,0,0,0,792342,11,87,92,11,87,92,11,87,792434,92,11
749,0,0,0,0,0,0,0,800127,11,87,92,11,87,92,11,87,800219,92,11
748,0,0,0,0,0,0,0,807912,11,87,92,11,87,92,11,87,808004,92,11
747,0,0,0,0,0,0,0,815697,11,87,92,11,87,92,11,87,815789,92,11
746,0,0,0,0,0,0,0,823482,11,87,92,11,87,92,11,87,823574,92,11
745,0,0,0,0,0,0,0,831268,11,87,92,11,87,92,11,87,831360,92,11
744,0,0,0,0,0,0,0,839054,11,87,92,11,87,92,11,87,839146,92,11
743,0,0,0,0,0,0,0,846840,11,87,92,11,87,92,11,87,846932,92,11
742,0,0,0,0,0,0,0,854626,11,87,92,11,87,92,11,87,854718,92,11
741,0,0,0,0,0,0,0,862413,11,87,92,11,87,92,11,87,862505,92,11
740,0,0,0,0,0,0,0,870201,11,87,92,11,87,92,11,87,870293,92,11
739,0,0,0,0,0,0,0,877990,11,87,92,11,87,92,11,87,878082,92,11
738,0,0,0,0,0,0,0,885779,11,87,92,11,87,92,11,87,885871,92,11
737,0,0,0,0,0,0,0,893568,11,87,92,11,87,92,11,87,893660,92,11
736,0,0,0,0,0,0,0,901357,11,87,92,11,87,92,11,87,901449,92,11
735,0,0,0,0,0,0,0,909146,11,87,92,11,87,92,11,87,909238,92,11
734,0,0,0,0,0,0,0,916935,11,87,92,11,87,92,11,87,917027,92,11
733,0,0,0,0,0,0,0,924724,11,87,92,11,87,92,11,87,924816,92,11
732,0,0,0,0,0,0,0,932513,11,87,92,11,87,92,11,87,932605,92,11
731,0,0,0,0,0,0,0,940317,11,87,92,11,87,92,11,87,940409,92,11
730,0,0,0,0,0,0,0,948136,11,87,92,11,87,92,11,87,948228,92,11
729,0,0,0,0,0,0,0,955971,11,87,92,11,87,92,11,87,956063,92,11
728,0,0,0,0,0,0,0,963806,11,87,92,11,87,92,11,87,963898,92,11
727,0,0,0,0,0,0,0,971641,11,87,92,11,87,92,11,87,971733,92,11
726,0,0,0,0,0,0,0,979480,11,87,92,11,87,92,11,87,979572,92,11
725,0,0,0,0,0,0,0,987323,11,87,92,11,87,92,11,87,987415,92,11
724,0,0,0,0,0,0,0,995172,11,87,92,11,87,92,11,87,995264,92,11
723,0,0,0,0,0,0,0,1003021,11,87,92,11,87,92,11,87,1003113,92,11
722,0,0,0,0,0,0,0,1010870,11,87,92,11,87,92,11,87,1010962,92,11
721,0,0,0,0,0,0,0,1018719,11,87,92,11,87,92,11,87,1018811,92,11
720,0,0,0,0,0,0,0,1026568,11,87,92,11,87,92,11,87,1026660,92,11
719,0,0,0,0,0,0,0,1034417,11,87,92,11,87,92,11,87,1034509,92,11
718,0,0,0,0,0,0,0,1042270,11,87,92,11,87,92,11,87,1042362,92,11
717,0,0,0,0,0,0,0,1050127,11,87,92,11,87,92,11,87,1050219,92,11
716,0,0,0,0,0,0,0,1057990,11,87,92,11,87,92,11,87,1058082,92,11
715,0,0,0,0,0,0,0,1065853,11,87,92,11,87,92,11,87,1065945,92,11
714,0,0,0,0,0,0,0,1073716,11,87,92,11,87,92,11,87,1073808,92,11
713,0,0,0,0,0,0,0,1081579,11,87,92,11,87,92,11,87,1081671,92,11
712,0,0,0,0,0,0,0,1089442,11,87,92,11,87,92,11,87,1089534,92,11
711,0,0,0,0,0,0,0,1097305,11,87,92,11,87,92,11,87,1097397,92,11
710,0,0,0,0,0,0,0,1105168,11,87,92,11,87,92,11,87,1105260,92,11
709,0,0,0,0,0,0,0,1113031,11,87,92,11,87,92,11,87,1113123,92,11
708,0,0,0,0,0,0,0,1120894,11,87,92,11,87,92,11,87,1120986,92,11
707,0,0,0,0,0,0,0,1128757,11,87,92,11,87,92,11,87,1128849,92,11
706,0,0,0,0,0,0,0,1136620,11,87,92,11,87,92,11,87,1136712,92,11
705,0,0,0,0,0,0,0,1144483,11,87,92,11,87,92,11,87,1144575,92,11
704,0,0,0,0,0,0,0,1152346,11,87,92,11,87,92,11,87,1152438,92,11
703,0,0,0,0,0,0,0,1160210,11,87,92,11,87,92,11,87,1160302,92,11
702,0,0,0,0,0,0,0,1168074,11,87,92,11,87,92,11,87,1168166,92,11
701,0,0,0,0,0,0,0,1175938,11,87,92,11,87,92,11,87,1176030,92,11
700,0,0,0,0,0,0,0,1183802,11,87,92,11,87,92,11,87,1183894,92,11
699,0,0,0,0,0,0,0,1191666,11,87,92,11,87,92,11,87,1191758,92,11
698,0,0,0,0,0,0,0,1199535,11,87,92,11,87,92,11,87,1199627,92,11
697,0,0,0,0,0,0,0,1207408,11,87,92,11,87,92,11,87,1207500,92,11
696,0,0,0,0,0,0,0,1215286,11,87,92,11,87,92,11,87,1215378,92,11
695,0,0,0,0,0,0,0,1223164,11,87,92,11,87,92,11,87,1223256,92,11
694,0,0,0,0,0,0,0,1231042,11,87,92,11,87,92,11,87,1231134,92,11
693,0,0,0,0,0,0,0,1238924,11,87,92,11,87,92,11,87,1239016,92,11
692,0,0,0,0,0,0,0,1246812,11,87,92,11,87,92,11,87,1246904,92,11
691,0,0,0,0,0,0,0,1254707,11,87,92,11,87,92,11,87,1254799,92,11
690,0,0,0,0,0,0,0,1262603,11,87,92,11,87,92,11,87,1262695,92,11
689,0,0,0,0,0,0,0,1270499,11,87,92,11,87,92,11,87,1270591,92,11
688,0,0,0,0,0,0,0,1278396,11,87,92,11,87,92,11,87,1278488,92,11
687,0,0,0,0,0,0,0,1286299,11,87,92,11,87,92,11,87,1286391,92,11
686,0,0,0,0,0,0,0,1294208,11,87,92,11,87,92,11,87,1294300,92,11
685,0,0,0,0,0,0,0,1302125,11,87,92,11,87,92,11,87,1302217,92,11
684,0,0,0,0,0,0,0,1310043,11,87,92,11,87,92,11,87,1310135,92,11
683,0,0,0,0,0,0,0,1317965,11,87,92,11,87,92,11,87,1318057,92,11
682,0,0,0,0,0,0,0,1325948,11,87,92,11,87,92,11,87,1326040,92,11
681,0,0,0,0,0,0,0,1333993,11,87,92,11,87,92,11,87,1334085,92,11
680,0,0,0,0,0,0,0,1342094,11,87,92,11,87,92,11,87,1342186,92,11
679,0,0,0,0,0,0,0,1350195,11,87,92,11,87,92,11,87,1350287,92,11
678,0,0,0,0,0,0,0,1358296,11,87,92,11,87,92,11,87,1358388,92,11
677,0,0,0,0,0,0,0,1366397,11,87,92,11,87,92,11,87,1366489,92,11
676,0,0,0,0,0,0,0,1374498,11,87,92,11,87,92,11,87,1374590,92,11
675,0,0,0,0,0,0,0,1382599,11,87,92,11,87,92,11,87,1382691,92,11
674,0,0,0,0,0,0,0,1390700,11,87,92,11,87,92,11,87,1390792,92,11
673,0,0,0,0,0,0,0,1398801,11,87,92,11,87,92,11,87,1398893,92,11
672,0,0,0,0,0,0,0,1406902,11,87,92,11,87,92,11,87,1406994,92,11
671,0,0,0,0,0,0,0,1415003,11,87,92,11,87,92,11,87,1415095,92,11
670,0,0,0,0,0,0,0,1423104,11,87,92,11,87,92,11,87,1423196,92,11
669,0,0,0,0,0,0,0,1431205,11,87,92,11,87,92,11,87,1431297,92,11
668,0,0,0,0,0,0,0,1439306,11,87,92,11,87,92,11,87,1439398,92,11
667,0,0,0,0,0,0,0,1447407,11,87,92,11,87,92,11,87,1447499,92,11
666,0,0,0,0,0,0,0,1455508,11,87,92,11,87,92,11,87,1455600,92,11
665,0,0,0,0,0,0,0,1463609,11,87,92,11,87,92,11,87,1463701,92,11
664,0,0,0,0,0,0,0,1471710,11,87,92,11,87,92,11,87,1471802,92,11
663,0,0,0,0,0,0,0,1479811,11,87,92,11,87,92,11,87,1479903,92,11
662,0,0,0,0,0,0,0,1487912,11,87,92,11,87,92,11,87,1488004,92,11
661,0,0,0,0,0,0,0,1496013,11,87,92,11,87,92,11,87,1496105,92,11
660,0,0,0,0,0,0,0,1504114,11,87,92,11,87,92,11,87,1504206,92,11
659,0,0,0,0,0,0,0,1512215,11,87,92,11,87,92,11,87,1512307,92,11
658,0,0,0,0,0,0,0,1520316,11,87,92,11,87,92,11,87,1520408,92,11
657,0,0,0,0,0,0,0,1528417,11,87,92,11,87,92,11,87,1528509,92,11
656,0,0,0,0,0,0,0,1536518,11,87,92,11,87,92,11,87,1536610,92,11
655,0,0,0,0,0,0,0,1544619,11,87,92,11,87,92,11,87,1544711,92,11
654,0,0,0,0,0,0,0,1552720,11,87,92,11,87,92,11,87,1552812,92,11
653,0,0,0,0,0,0,0,1560821,11,87,92,11,87,92,11,87,1560913,92,11
652,0,0,0,0,0,0,0,1568922,11,87,92,11,87,92,11,87,1569014,92,11
651,0,0,0,0,0,0,0,1577023,11,87,92,11,87,92,11,87,1577115,92,11
650,0,0,0,0,0,0,0,1585124,11,87,92,11,87,92,11,87,1585216,92,11
649,0,0,0,0,0,0,0,1593225,11,87,92,11,87,92,11,87,1593317,92,11
648,0,0,0,0,0,0,0,1601326,11,87,92,11,87,92,11,87,1601418,92,11
647,0,0,0,0,0,0,0,1609427,11,87,92,11,87,92,11,87,1609519,92,11
646,0,0,0,0,0,0,0,1617528,11,87,92,11,87,92,11,87,1617620,92,11
645,0,0,0,0,0,0,0,1625629,11,87,92,11,87,92,11,87,1625721,92,11
644,0,0,0,0,0,0,0,1633730,11,87,92,11,87,92,11,87,1633822,92,11
643,0,0,0,0,0,0,0,1641831,11,87,92,11,87,92,11,87,1641923,92,11
642,0,0,0,0,0,0,0,1649932,11,87,92,11,87,92,11,87,1650024,92,11
641,0,0,0,0,0,0,0,1658033,11,87,92,11,87,92,11,87,1658125,92,11
640,0,0,0,0,0,0,0,1666134,11,87,92,11,87,92,11,87,1666226,92,11
639,0,0,0,0,0,0,0,1674235,11,87,92,11,87,92,11,87,1674327,92,11
638,0,0,0,0,0,0,0,1682336,11,87,92,11,87,92,11,87,1682428,92,11
637,0,0,0,0,0,0,0,1690437,11,87,92,11,87,92,11,87,1690529,92,11
636,0,0,0,0,0,0,0,1698538,11,87,92,11,87,92,11,87,1698630,92,11
635,0,0,0,0,0,0,0,1706639,11,87,92,11,87,92,11,87,1706731,92,11
634,0,0,0,0,0,0,0,1714740,11,87,92,11,87,92,11,87,1714832,92,11
633,0,0,0,0,0,0,0,1722841,11,87,92,11,87,92,11,87,1722933,92,11
632,0,0,0,0,0,0,0,1730942,11,87,92,11,87,92,11,87,1731034,92,11
631,0,0,0,0,0,0,0,1739043,11,87,92,11,87,92,11,87,1739135,92,11
630,0,0,0,0,0,0,0,1747144,11,87,92,11,87,92,11,87,1747236,92,11
629,0,0,0,0,0,0,0,1755245,11,87,92,11,87,92,11,87,1755337,92,11
628,0,0,0,0,0,0,0,1763346,11,87,92,11,87,92,11,87,1763438,92,11
627,0,0,0,0,0,0,0,1771447,11,87,92,11,87,92,11,87,1771539,92,11
626,0,0,0,0,0,0,0,1779548,11,87,92,11,87,92,11,87,1779640,92,11
625,0,0,0,0,0,0,0,1787649,11,87,92,11,87,92,11,87,1787741,92,11
624,0,0,0,0,0,0,0,1795750,11,87,92,11,87,92,11,87,1795842,92,11
623,0,0,0,0,0,0,0,1803851,11,87,92,11,87,92,11,87,1803943,92,11
622,0,0,0,0,0,0,0,1811952,11,87,92,11,87,92,11,87,1812044,92,11
621,0,0,0,0,0,0,0,1820053,11,87,92,11,87,92,11,87,1820145,92,11
620,0,0,0,0,0,0,0,1828154,11,87,92,11,87,92,11,87,1828246,92,11
619,0,0,0,0,0,0,0,1836255,11,87,92,11,87,92,11,87,1836347,92,11
618,0,0,0,0,0,0,0,1844356,11,87,92,11,87,92,11,87,1844448,92,11
617,0,0,0,0,0,0,0,1852457,11,87,92,11,87,92,11,87,1852549,92,11
616,0,0,0,0,0,0,0,1860558,11,87,92,11,87,92,11,87,1860650,92,11
615,0,0,0,0,0,0,0,1868659,11,87,92,11,87,92,11,87,1868751,92,11
614,0,0,0,0,0,0,0,1876760,11,87,92,11,87,92,11,87,1876852,92,11
613,0,0,0,0,0,0,0,1884861,11,87,92,11,87,92,11,87,1884953,92,11
612,0,0,0,0,0,0,0,1892962,11,87,92,11,87,92,11,87,1893054,92,11
611,0,0,0,0,0,0,0,1901063,11,87,92,11,87,92,11,87,1901155,92,11
610,0,0,0,0,0,0,0,1909164,11,87,92,11,87,92,11,87,1909256,92,11
609,0,0,0,0,0,0,0,1917265,11,87,92,11,87,92,11,87,1917357,92,11
608,0,0,0,0,0,0,0,1925366,11,87,92,11,87,92,11,87,1925458,92,11
607,0,0,0,0,0,0,0,1933467,11,87,92,11,87,92,11,87,1933559,92,11
606,0,0,0,0,0,0,0,1941568,11,87,92,11,87,92,11,87,1941660,92,11
605,0,0,0,0,0,0,0,1949669,11,87,92,11,87,92,11,87,1949761,92,11
604,0,0,0,0,0,0,0,1957770,11,87,92,11,87,92,11,87,1957862,92,11
603,0,0,0,0,0,0,0,1965871,11,87,92,11,87,92,11,87,1965963,92,11
602,0,0,0,0,0,0,0,1973972,11,87,92,11,87,92,11,87,1974064,92,11
601,0,0,0,0,0,0,0,1982073,11,87,92,11,87,92,11,87,1982165,92,11
600,0,0,0,0,0,0,0,1990174,11,87,92,11,87,92,11,87,1990266,92,11
599,0,0,0,0,0,0,0,1998275,11,87,92,11,87,92,11,87,1998367,92,11
598,0,0,0,0,0,0,0,2006376,11,87,92,11,87,92,11,87,2006468,92,11
597,0,0,0,0,0,0,0,2014477,11,87,92,11,87,92,11,87,2014569,92,11
596,0,0,0,0,0,0,0,2022578,11,87,92,11,87,92,11,87,2022670,92,11
595,0,0,0,0,0,0,0,2030679,11,87,92,11,87,92,11,87,2030771,92,11
594,0,0,0,0,0,0,0,2038780,11,87,92,11,87,92,11,87,2038872,92,11
593,0,0,0,0,0,0,0,2046881,11,87,92,11,87,92,11,87,2046973,92,11
592,0,0,0,0,0,0,0,2054982,11,87,92,11,87,92,11,87,2055074,92,11
591,0,0,0,0,0,0,0,2063083,11,87,92,11,87,92,11,87,2063175,92,11
590,0,0,0,0,0,0,0,2071184,11,87,92,11,87,92,11,87,2071276,92,11
589,0,0,0,0,0,0,0,2079285,11,87,92,11,87,92,11,87,2079377,92,11
588,0,0,0,0,0,0,0,2087386,11,87,92,11,87,92,11,87,2087478,92,11
587,0,0,0,0,0,0,0,2095487,11,87,92,11,87,92,11,87,2095579,92,11
586,0,0,0,0,0,0,0,2103588,11,87,92,11,87,92,11,87,2103680,92,11
585,0,0,0,0,0,0,0,2111689,11,87,92,11,87,92,11,87,2111781,92,11
584,0,0,0,0,0,0,0,2119790,11,87,92,11,87,92,11,87,2119882,92,11
583,0,0,0,0,0,0,0,2127891,11,87,92,11,87,92,11,87,2127983,92,11
582,0,0,0,0,0,0,0,2135992,11,87,92,11,87,92,11,87,2136084,92,11
581,0,0,0,0,0,0,0,2144093,11,87,92,11,87,92,11,87,2144185,92,11
580,0,0,0,0,0,0,0,2152194,11,87,92,11,87,92,11,87,2152286,92,11
579,0,0,0,0,0,0,0,2160295,11,87,92,11,87,92,11,87,2160387,92,11
578,0,0,0,0,0,0,0,2168396,11,87,92,11,87,92,11,87,2168488,92,11
577,0,0,0,0,0,0,0,2176497,11,87,92,11,87,92,11,87,2176589,92,11
576,0,0,0,0,0,0,0,2184598,11,87,92,11,87,92,11,87,2184690,92,11
575,0,0,0,0,0,0,0,2192699,11,87,92,11,87,92,11,87,2192791,92,11
574,0,0,0,0,0,0,0,2200800,11,87,92,11,87,92,11,87,2200892,92,11
573,0,0,0,0,0,0,0,2208901,11,87,92,11,87,92,11,87,2208993,92,11
572,0,0,0,0,0,0,0,2217002,11,87,92,11,87,92,11,87,2217094,92,11
571,0,0,0,0,0,0,0,2225103,11,87,92,11,87,92,11,87,2225195,92,11
570,0,0,0,0,0,0,0,2233204,11,87,92,11,87,92,11,87,2233296,92,11
569,0,0,0,0,0,0,0,2241305,11,87,92,11,87,92,11,87,2241397,92,11
568,0,0,0,0,0,0,0,2249406,11,87,92,11,87,92,11,87,2249498,92,11
567,0,0,0,0,0,0,0,2257507,11,87,92,11,87,92,11,87,2257599,92,11
566,0,0,0,0,0,0,0,2265608,11,87,92,11,87,92,11,87,2265700,92,11
565,0,0,0,0,0,0,0,2273709,11,87,92,11,87,92,11,87,2273801,92,11
564,0,0,0,0,0,0,0,2281810,11,87,92,11,87,92,11,87,2281902,92,11
563,0,0,0,0,0,0,0,2289911,11,87,92,11,87,92,11,87,2290003,92,11
562,0,0,0,0,0,0,0,2298012,11,87,92,11,87,92,11,87,2298104,92,11
561,0,0,0,0,0,0,0,2306113,11,87,92,11,87,92,11,87,2306205,92,11
560,0,0,0,0,0,0,0,2314214,11,87,92,11,87,92,11,87,2314306,92,11
559,0,0,0,0,0,0,0,2322315,11,87,92,11,87,92,11,87,2322407,92,11
558,0,0,0,0,0,0,0,2330416,11,87,92,11,87,92,11,87,2330508,92,11
557,0,0,0,0,0,0,0,2338517,11,87,92,11,87,92,11,87,2338609,92,11
556,0,0,0,0,0,0,0,2346618,11,87,92,11,87,92,11,87,2346710,92,11
555,0,0,0,0,0,0,0,2354719,11,87,92,11,87,92,11,87,2354811,92,11
554,0,0,0,0,0,0,0,2362820,11,87,92,11,87,92,11,87,2362912,92,11
553,0,0,0,0,0,0,0,2370921,11,87,92,11,87,92,11,87,2371013,92,11
552,0,0,0,0,0,0,0,2379022,11,87,92,11,87,92,11,87,2379114,92,11
551,0,0,0,0,0,0,0,2387123,11,87,92,11,87,92,11,87,2387215,92,11
550,0,0,0,0,0,0,0,2395224,11,87,92,11,87,92,11,87,2395316,92,11
549,0,0,0,0,0,0,0,2403325,11,87,92,11,87,92,11,87,2403417,92,11
548,0,0,0,0,0,0,0,2411426,11,87,92,11,87,92,11,87,2411518,92,11
547,0,0,0,0,0,0,0,2419527,11,87,92,11,87,92,11,87,2419619,92,11
546,0,0,0,0,0,0,0,2427628,11,87,92,11,87,92,11,87,2427720,92,11
545,0,0,0,0,0,0,0,2435729,11,87,92,11,87,92,11,87,2435821,92,11
544,0,0,0,0,0,0,0,2443830,11,87,92,11,87,92,11,87,2443922,92,11
543,0,0,0,0,0,0,0,2451931,11,87,92,11,87,92,11,87,2452023,92,11
542,0,0,0,0,0,0,0,2460032,11,87,92,11,87,92,11,87,2460124,92,11
541,0,0,0,0,0,0,0,2468133,11,87,92,11,87,92,11,87,2468225,92,11
540,0,0,0,0,0,0,0,2476234,11,87,92,11,87,92,11,87,2476326,92,11
539,0,0,0,0,0,0,0,2484335,11,87,92,11,87,92,11,87,2484427,92,11
538,0,0,0,0,0,0,0,2492436,11,87,92,11,87,92,11,87,2492528,92,11
537,0,0,0,0,0,0,0,2500537,11,87,2676,11,87,92,11,2671,2500629,92,11
536,0,0,0,0,0,0,0,2508638,11,87,7843,11,87,92,11,7838,2508730,92,11
535,0,0,0,0,0,0,0,2516739,11,87,15593,11,87,92,11,15588,2516831,92,11
534,0,0,0,0,0,0,0,2524840,11,87,23343,11,87,92,11,23338,2524932,92,11
533,0,0,0,0,0,0,0,2532941,11,87,31093,11,87,92,11,31088,2533033,92,11
532,0,0,0,0,0,0,0,2541042,11,87,38843,11,87,92,11,38838,2541134,92,11
531,0,0,0,0,0,0,0,2549143,11,87,46593,11,87,92,11,46588,2549235,92,11
530,0,0,0,0,0,0,0,2557244,11,87,54343,11,87,92,11,54338,2557336,92,11
529,0,0,0,0,0,0,0,2565345,11,87,62097,11,87,92,11,62092,2565437,92,11
528,0,0,0,0,0,0,0,2573446,11,87,69855,11,87,92,11,69850,2573538,92,11
527,0,0,0,0,0,0,0,2581547,11,87,77618,11,87,92,11,77613,2581639,92,11
526,0,0,0,0,0,0,0,2589648,11,87,85381,11,87,92,11,85376,2589740,92,11
525,0,0,0,0,0,0,0,2597749,11,87,93144,11,87,92,11,93139,2597841,92,11
524,0,0,0,0,0,0,0,2605850,11,87,100907,11,87,92,11,100902,2605942,92,11
523,0,0,0,0,0,0,0,2613951,11,87,108670,11,87,92,11,108665,2614043,92,11
522,0,0,0,0,0,0,0,2622052,11,87,116433,11,87,92,11,116428,2622144,92,11
521,0,0,0,0,0,0,0,2630153,11,87,124196,11,87,92,11,124191,2630245,92,11
520,0,0,0,0,0,0,0,2638254,11,87,131959,11,87,92,11,131954,2638346,92,11
519,0,0,0,0,0,0,0,2646355,11,87,139722,11,87,92,11,139717,2646447,92,11
518,0,0,0,0,0,0,0,2654456,11,87,147485,11,87,92,11,147480,2654548,92,11
517,0,0,0,0,0,0,0,2662557,11,87,155248,11,87,92,11,155243,2662649,92,11
516,0,0,0,0,0,0,0,2670658,11,87,163011,11,87,92,11,163006,2670750,92,11
515,0,0,0,0,0,0,0,2678759,11,87,170774,11,87,92,11,170769,2678851,92,11
514,0,0,0,0,0,0,0,2686860,11,87,178537,11,87,92,11,178532,2686952,92,11
513,0,0,0,0,0,0,0,2694961,11,87,186301,11,87,92,11,186296,2695053,92,11
512,0,0,0,0,0,0,0,2703062,11,87,194065,11,87,92,11,194060,2703154,92,11
511,0,0,0,0,0,0,0,2711163,11,87,201829,11,87,92,11,201824,2711255,92,11
510,0,0,0,0,0,0,0,2719264,11,87,209593,11,87,92,11,209588,2719356,92,11
509,0,0,0,0,0,0,0,2727365,11,87,217358,11,87,92,11,217353,2727457,92,11
508,0,0,0,0,0,0,0,2735466,11,87,225123,11,87,92,11,225118,2735558,92,11
507,0,0,0,0,0,0,0,2743567,11,87,232888,11,87,92,11,232883,2743659,92,11
506,0,0,0,0,0,0,0,2751668,11,87,240654,11,87,92,11,240649,2751760,92,11
505,0,0,0,0,0,0,0,2759769,11,87,248420,11,87,92,11,248415,2759861,92,11
504,0,0,0,0,0,0,0,2767870,11,87,256186,11,87,92,11,256181,2767962,92,11
503,0,0,0,0,0,0,0,2775971,11,87,263952,11,87,92,11,263947,2776063,92,11
502,0,0,0,0,0,0,0,2784072,11,87,271718,11,87,92,11,271713,2784164,92,11
501,0,0,0,0,0,0,0,2792173,11,87,279485,11,87,92,11,279480,2792265,92,11
500,0,0,0,0,0,0,0,2800274,11,87,287253,11,87,92,11,287248,2800366,92,11
499,0,0,0,0,0,0,0,2808375,11,87,295021,11,87,92,11,295016,2808467,92,11
498,0,0,0,0,0,0,0,2816476,11,87,302789,11,87,92,11,302784,2816568,92,11
497,0,0,0,0,0,0,0,2824577,11,87,310557,11,87,92,11,310552,2824669,92,11
496,0,0,0,0,0,0,0,2832678,11,87,318325,11,87,92,11,318320,2832770,92,11
495,0,0,0,0,0,0,0,2840779,11,87,326093,11,87,92,11,326088,2840871,92,11
494,0,0,0,0,0,0,0,2848880,11,87,333861,11,87,92,11,333856,2848972,92,11
493,0,0,0,0,0,0,0,2856981,11,87,341630,11,87,92,11,341625,2857073,92,11
492,0,0,0,0,0,0,0,2865082,11,87,349399,11,87,92,11,349394,2865174,92,11
491,0,0,0,0,0,0,0,2873183,11,87,357168,11,87,92,11,357163,2873275,92,11
490,0,0,0,0,0,0,0,2881284,11,87,364938,11,87,92,11,364933,2881376,92,11
489,0,0,0,0,0,0,0,2889385,11,87,372712,11,87,92,11,372707,2889477,92,11
488,0,0,0,0,0,0,0,2897486,11,87,380490,11,87,92,11,380485,2897578,92,11
487,0,0,0,0,0,0,0,2905587,11,87,388273,11,87,92,11,388268,2905679,92,11
486,0,0,0,0,0,0,0,2913688,11,87,396056,11,87,92,11,396051,2913780,92,11
485,0,0,0,0,0,0,0,2921789,11,87,403839,11,87,92,11,403834,2921881,92,11
484,0,0,0,0,0,0,0,2929890,11,87,411622,11,87,92,11,411617,2929982,92,11
483,0,0,0,0,0,0,0,2937991,11,87,419405,11,87,92,11,419400,2938083,92,11
482,0,0,0,0,0,0,0,2946092,11,87,427188,11,87,92,11,427183,2946184,92,11
481,0,0,0,0,0,0,0,2954193,11,87,434971,11,87,92,11,434966,2954285,92,11
480,0,0,0,0,0,0,0,2962294,11,87,442755,11,87,92,11,442750,2962386,92,11
479,0,0,0,0,0,0,0,2970395,11,87,450539,11,87,92,11,450534,2970487,92,11
478,0,0,0,0,0,0,0,2978496,11,87,458323,11,87,92,11,458318,2978588,92,11
477,0,0,0,0,0,0,0,2986597,11,87,466107,11,87,92,11,466102,2986689,92,11
476,0,0,0,0,0,0,0,2994698,11,87,473891,11,87,92,11,473886,2994790,92,11
475,0,0,0,0,0,0,0,3002799,11,87,481675,11,87,92,11,481670,3002891,92,11
474,0,0,0,0,0,0,0,3010900,11,87,489460,11,87,92,11,489455,3010992,92,11
473,0,0,0,0,0,0,0,3019001,11,87,497245,11,87,92,11,497240,3019093,92,11
472,0,0,0,0,0,0,0,3027102,11,87,505030,11,87,92,11,505025,3027194,92,11
471,0,0,0,0,0,0,0,3035203,11,87,512815,11,87,92,11,512810,3035295,92,11
470,0,0,0,0,0,0,0,3043304,11,87,520600,11,87,92,11,520595,3043396,92,11
469,0,0,0,0,0,0,0,3051405,11,87,528386,11,87,92,11,528381,3051497,92,11
468,0,0,0,0,0,0,0,3059506,11,87,536172,11,87,92,11,536167,3059598,92,11
467,0,0,0,0,0,0,0,3067607,11,87,543959,11,87,92,11,543954,3067699,92,11
466,0,0,0,0,0,0,0,3075708,11,87,551747,11,87,92,11,551742,3075800,92,11
465,0,0,0,0,0,0,0,3083809,11,87,559536,11,87,92,11,559531,3083901,92,11
464,0,0,0,0,0,0,0,3091910,11,87,567325,11,87,92,11,567320,3092002,92,11
463,0,0,0,0,0,0,0,3100011,11,87,575114,11,87,92,11,575109,3100103,92,11
462,0,0,0,0,0,0,0,3108112,11,87,582903,11,87,92,11,582898,3108204,92,11
461,0,0,0,0,0,0,0,3116213,11,87,590707,11,87,92,11,590702,3116305,92,11
460,0,0,0,0,0,0,0,3124314,11,87,598526,11,87,92,11,598521,3124406,92,11
459,0,0,0,0,0,0,0,3132415,11,87,606361,11,87,92,11,606356,3132507,92,11
458,0,0,0,0,0,0,0,3140516,11,87,614196,11,87,92,11,614191,3140608,92,11
457,0,0,0,0,0,0,0,3148617,11,87,622035,11,87,92,11,622030,3148709,92,11
456,0,0,0,0,0,0,0,3156718,11,87,629879,11,87,92,11,629874,3156810,92,11
455,0,0,0,0,0,0,0,3164819,11,87,637728,11,87,92,11,637723,3164911,92,11
454,0,0,0,0,0,0,0,3172920,11,87,645577,11,87,92,11,645572,3173012,92,11
453,0,0,0,0,0,0,0,3181021,11,87,653430,11,87,92,11,653425,3181113,92,11
452,0,0,0,0,0,0,0,3189122,11,87,661287,11,87,92,11,661282,3189214,92,11
451,0,0,0,0,0,0,0,3197223,11,87,669150,11,87,92,11,669145,3197315,92,11
450,0,0,0,0,0,0,0,3205324,11,87,677013,11,87,92,11,677008,3205416,92,11
449,0,0,0,0,0,0,0,3213425,11,87,684876,11,87,92,11,684871,3213517,92,11
448,0,0,0,0,0,0,0,3221526,11,87,692739,11,87,92,11,692734,3221618,92,11
447,0,0,0,0,0,0,0,3229627,11,87,700602,11,87,92,11,700597,3229719,92,11
446,0,0,0,0,0,0,0,3237728,11,87,708465,11,87,92,11,708460,3237820,92,11
445,0,0,0,0,0,0,0,3245829,11,87,716328,11,87,92,11,716323,3245921,92,11
444,0,0,0,0,0,0,0,3253930,11,87,724191,11,87,92,11,724186,3254022,92,11
443,0,0,0,0,0,0,0,3262031,11,87,732055,11,87,92,11,732050,3262123,92,11
442,0,0,0,0,0,0,0,3270132,11,87,739919,11,87,92,11,739914,3270224,92,11
441,0,0,0,0,0,0,0,3278233,11,87,747783,11,87,92,11,747778,3278325,92,11
440,0,0,0,0,0,0,0,3286334,11,87,755652,11,87,92,11,755647,3286426,92,11
439,0,0,0,0,0,0,0,3294435,11,87,763525,11,87,92,11,763520,3294527,92,11
438,0,0,0,0,0,0,0,3302536,11,87,771403,11,87,92,11,771398,3302628,92,11
437,0,0,0,0,0,0,0,3310637,11,87,779285,11,87,92,11,779280,3310729,92,11
436,0,0,0,0,0,0,0,3318738,11,87,787172,11,87,92,11,787167,3318830,92,11
435,0,0,0,0,0,0,0,3326839,11,87,795067,11,87,92,11,795062,3326931,92,11
434,0,0,0,0,0,0,0,3334940,11,87,802963,11,87,92,11,802958,3335032,92,11
433,0,0,0,0,0,0,0,3343041,11,87,810866,11,87,92,11,810861,3343133,92,11
432,0,0,0,0,0,0,0,3351142,11,87,818776,11,87,92,11,818771,3351234,92,11
431,0,0,0,0,0,0,0,3359243,11,87,826698,11,87,92,11,826693,3359335,92,11
430,0,0,0,0,0,0,0,3367344,11,87,834680,11,87,92,11,834675,3367436,92,11
429,0,0,0,0,0,0,0,3375445,11,87,842725,11,87,92,11,842720,3375537,92,11
428,0,0,0,0,0,0,0,3383546,11,87,850826,11,87,92,11,850821,3383638,92,11
427,0,0,0,0,0,0,0,3391647,11,87,858927,11,87,92,11,858922,3391739,92,11
426,0,0,0,0,0,0,0,3399748,11,87,867028,11,87,92,11,867023,3399840,92,11
425,0,0,0,0,0,0,0,3407849,11,87,875129,11,87,92,11,875124,3407941,92,11
424,0,0,0,0,0,0,0,3415950,11,87,883230,11,87,92,11,883225,3416042,92,11
423,0,0,0,0,0,0,0,3424051,11,87,891331,11,87,92,11,891326,3424143,92,11
422,0,0,0,0,0,0,0,3432152,11,87,899432,11,87,92,11,899427,3432244,92,11
421,0,0,0,0,0,0,0,3440253,11,87,907533,11,87,92,11,907528,3440345,92,11
420,0,0,0,0,0,0,0,3448354,11,87,915634,11,87,92,11,915629,3448446,92,11
419,0,0,0,0,0,0,0,3456455,11,87,923735,11,87,92,11,923730,3456547,92,11
418,0,0,0,0,0,0,0,3464556,11,87,931836,11,87,92,11,931831,3464648,92,11
417,0,0,0,0,0,0,0,3472657,11,87,939937,11,87,92,11,939932,3472749,92,11
416,0,0,0,0,0,0,0,3480758,11,87,948038,11,87,92,11,948033,3480850,92,11
415,0,0,0,0,0,0,0,3488859,11,87,956139,11,87,92,11,956134,3488951,92,11
414,0,0,0,0,0,0,0,3496960,11,87,964240,11,87,92,11,964235,3497052,92,11
413,0,0,0,0,0,0,0,3505061,11,87,972341,11,87,92,11,972336,3505153,92,11
412,0,0,0,0,0,0,0,3513162,11,87,980442,11,87,92,11,980437,3513254,92,11
411,0,0,0,0,0,0,0,3521263,11,87,988543,11,87,92,11,988538,3521355,92,11
410,0,0,0,0,0,0,0,3529364,11,87,996644,11,87,92,11,996639,3529456,92,11
409,0,0,0,0,0,0,0,3537465,11,87,1004745,11,87,92,11,1004740,3537557,92,11
408,0,0,0,0,0,0,0,3545566,11,87,1012846,11,87,92,11,1012841,3545658,92,11
407,0,0,0,0,0,0,0,3553667,11,87,1020947,11,87,92,11,1020942,3553759,92,11
406,0,0,0,0,0,0,0,3561768,11,87,1029048,11,87,92,11,1029043,3561860,92,11
405,0,0,0,0,0,0,0,3569869,11,87,1037149,11,87,92,11,1037144,3569961,92,11
404,0,0,0,0,0,0,0,3577970,11,87,1045250,11,87,92,11,1045245,3578062,92,11
403,0,0,0,0,0,0,0,3586071,11,87,1053351,11,87,92,11,1053346,3586163,92,11
402,0,0,0,0,0,0,0,3594172,11,87,1061452,11,87,92,11,1061447,3594264,92,11
401,0,0,0,0,0,0,0,3602273,11,87,1069553,11,87,92,11,1069548,3602365,92,11
400,0,0,0,0,0,0,0,3610374,11,87,1077654,11,87,92,11,1077649,3610466,92,11
399,0,0,0,0,0,0,0,3618475,11,87,1085755,11,87,92,11,1085750,3618567,92,11
398,0,0,0,0,0,0,0,3626576,11,87,1093856,11,87,92,11,1093851,3626668,92,11
397,0,0,0,0,0,0,0,3634677,11,87,1101957,11,87,92,11,1101952,3634769,92,11
396,0,0,0,0,0,0,0,3642778,11,87,1110058,11,87,92,11,1110053,3642870,92,11
395,0,0,0,0,0,0,0,3650879,11,87,1118159,11,87,92,11,1118154,3650971,92,11
394,0,0,0,0,0,0,0,3658980,11,87,1126260,11,87,92,11,1126255,3659072,92,11
393,0,0,0,0,0,0,0,3667081,11,87,1134361,11,87,92,11,1134356,3667173,92,11
392,0,0,0,0,0,0,0,3675182,11,87,1142462,11,87,92,11,1142457,3675274,92,11
391,0,0,0,0,0,0,0,3683283,11,87,1150563,11,87,92,11,1150558,3683375,92,11
390,0,0,0,0,0,0,0,3691384,11,87,1158664,11,87,92,11,1158659,3691476,92,11
389,0,0,0,0,0,0,0,3699485,11,87,1166765,11,87,92,11,1166760,3699577,92,11
388,0,0,0,0,0,0,0,3707586,11,87,1174866,11,87,92,11,1174861,3707678,92,11
387,0,0,0,0,0,0,0,3715687,11,87,1182967,11,87,92,11,1182962,3715779,92,11
386,0,0,0,0,0,0,0,3723788,11,87,1191068,11,87,92,11,1191063,3723880,92,11
385,0,0,0,0,0,0,0,3731889,11,87,1199169,11,87,92,11,1199164,3731981,92,11
384,0,0,0,0,0,0,0,3739990,11,87,1207270,11,87,92,11,1207265,3740082,92,11
383,0,0,0,0,0,0,0,3748091,11,87,1215371,11,87,92,11,1215366,3748183,92,11
382,0,0,0,0,0,0,0,3756192,11,87,1223472,11,87,92,11,1223467,3756284,92,11
381,0,0,0,0,0,0,0,3764293,11,87,1231573,11,87,92,11,1231568,3764385,92,11
380,0,0,0,0,0,0,0,3772394,11,87,1239674,11,87,92,11,1239669,3772486,92,11
379,0,0,0,0,0,0,0,3780495,11,87,1247775,11,87,92,11,1247770,3780587,92,11
378,0,0,0,0,0,0,0,3788596,11,87,1255876,11,87,92,11,1255871,3788688,92,11
377,0,0,0,0,0,0,0,3796697,11,87,1263977,11,87,92,11,1263972,3796789,92,11
376,0,0,0,0,0,0,0,3804798,11,87,1272078,11,87,92,11,1272073,3804890,92,11
375,0,0,0,0,0,0,0,3812899,11,87,1280179,11,87,92,11,1280174,3812991,92,11
374,0,0,0,0,0,0,0,3821000,11,87,1288280,11,87,92,11,1288275,3821092,92,11
373,0,0,0,0,0,0,0,3829101,11,87,1296381,11,87,92,11,1296376,3829193,92,11
372,0,0,0,0,0,0,0,3837202,11,87,1304482,11,87,92,11,1304477,3837294,92,11
371,0,0,0,0,0,0,0,3845303,11,87,1312583,11,87,92,11,1312578,3845395,92,11
370,0,0,0,0,0,0,0,3853404,11,87,1320684,11,87,92,11,1320679,3853496,92,11
369,0,0,0,0,0,0,0,3861505,11,87,1328785,11,87,92,11,1328780,3861597,92,11
368,0,0,0,0,0,0,0,3869606,11,87,1336886,11,87,92,11,1336881,3869698,92,11
367,0,0,0,0,0,0,0,3877707,11,87,1344987,11,87,92,11,1344982,3877799,92,11
366,0,0,0,0,0,0,0,3885808,11,87,1353088,11,87,92,11,1353083,3885900,92,11
365,0,0,0,0,0,0,0,3893909,11,87,1361189,11,87,92,11,1361184,3894001,92,11
364,0,0,0,0,0,0,0,3902010,11,87,1369290,11,87,92,11,1369285,3902102,92,11
363,0,0,0,0,0,0,0,3910111,11,87,1377391,11,87,92,11,1377386,3910203,92,11
362,0,0,0,0,0,0,0,3918212,11,87,1385492,11,2671,92,11,1385487,3918304,92,11
361,0,0,0,0,0,0,0,3926313,11,87,1393593,11,7838,92,11,1393588,3926405,92,11
360,0,0,0,0,0,0,0,3934414,11,87,1401694,11,15588,92,11,1401689,3934506,92,11
359,0,0,0,0,0,0,0,3942515,11,87,1409795,11,23338,92,11,1409790,3942607,92,11
358,0,0,0,0,0,0,0,3950616,11,87,1417896,11,31088,92,11,1417891,3950708,92,11
357,0,0,0,0,0,0,0,3958717,11,87,1425997,11,38838,92,11,1425992,3958809,92,11
356,0,0,0,0,0,0,0,3966818,11,87,1434098,11,46592,92,11,1434093,3966910,92,11
355,0,0,0,0,0,0,0,3974919,11,87,1442199,11,54350,92,11,1442194,3975011,92,11
354,0,0,0,0,0,0,0,3983020,11,87,1450300,11,62113,92,11,1450295,3983112,92,11
353,0,0,0,0,0,0,0,3991121,11,87,1458401,11,69876,92,11,1458396,3991213,92,11
352,0,0,0,0,0,0,0,3999222,11,87,1466502,11,77639,92,11,1466497,3999314,92,11
351,0,0,0,0,0,0,0,4007323,11,87,1474603,11,85402,92,11,1474598,4007415,92,11
350,0,0,0,0,0,0,0,4015424,11,87,1482704,11,93165,92,11,1482699,4015516,92,11
349,0,0,0,0,0,0,0,4023525,11,87,1490805,11,100928,92,11,1490800,4023617,92,11
348,0,0,0,0,0,0,0,4031626,11,87,1498906,11,108691,92,11,1498901,4031718,92,11
347,0,0,0,0,0,0,0,4039727,11,87,1507007,11,116454,92,11,1507002,4039819,92,11
346,0,0,0,0,0,0,0,4047828,11,87,1515108,11,124218,92,11,1515103,4047920,92,11
345,0,0,0,0,0,0,0,4055929,11,87,1523209,11,131982,92,11,1523204,4056021,92,11
344,0,0,0,0,0,0,0,4064030,11,87,1531310,11,139746,92,11,1531305,4064122,92,11
343,0,0,0,0,0,0,0,4072131,11,87,1539411,11,147511,92,11,1539406,4072223,92,11
342,0,0,0,0,0,0,0,4080232,11,87,1547512,11,155276,92,11,1547507,4080324,92,11
341,0,0,0,0,0,0,0,4088333,11,87,1555613,11,163042,92,11,1555608,4088425,92,11
340,0,0,0,0,0,0,0,4096434,11,87,1563714,11,170808,92,11,1563709,4096526,92,11
339,0,0,0,0,0,0,0,4104535,11,87,1571815,11,178574,92,11,1571810,4104627,92,11
338,0,0,0,0,0,0,0,4112636,11,87,1579916,11,186341,92,11,1579911,4112728,92,11
337,0,0,0,0,0,0,0,4120737,11,87,1588017,11,194109,92,11,1588012,4120829,92,11
336,0,0,0,0,0,0,0,4128838,11,87,1596118,11,201877,92,11,1596113,4128930,92,11
335,0,0,0,0,0,0,0,4136939,11,87,1604219,11,209645,92,11,1604214,4137031,92,11
334,0,0,0,0,0,0,0,4145040,11,87,1612320,11,217413,92,11,1612315,4145132,92,11
333,0,0,0,0,0,0,0,4153141,11,87,1620421,11,225181,92,11,1620416,4153233,92,11
332,0,0,0,0,0,0,0,4161242,11,87,1628522,11,232949,92,11,1628517,4161334,92,11
331,0,0,0,0,0,0,0,4169343,11,87,1636623,11,240718,92,11,1636618,4169435,92,11
330,0,0,0,0,0,0,0,4177444,11,87,1644724,11,248488,92,11,1644719,4177536,92,11
329,0,0,0,0,0,0,0,4185545,11,87,1652825,11,256262,92,11,1652820,4185637,92,11
328,0,0,0,0,0,0,0,4193646,11,87,1660926,11,264040,92,11,1660921,4193738,92,11
327,0,0,0,0,0,0,0,4201747,11,87,1669027,11,271823,92,11,1669022,4201839,92,11
326,0,0,0,0,0,0,0,4209848,11,87,1677128,11,279606,92,11,1677123,4209940,92,11
325,0,0,0,0,0,0,0,4217949,11,87,1685229,11,287389,92,11,1685224,4218041,92,11
324,0,0,0,0,0,0,0,4226050,11,87,1693330,11,295172,92,11,1693325,4226142,92,11
323,0,0,0,0,0,0,0,4234151,11,87,1701431,11,302956,92,11,1701426,4234243,92,11
322,0,0,0,0,0,0,0,4242252,11,87,1709532,11,310740,92,11,1709527,4242344,92,11
321,0,0,0,0,0,0,0,4250353,11,87,1717633,11,318524,92,11,1717628,4250445,92,11
320,0,0,0,0,0,0,0,4258454,11,87,1725734,11,326308,92,11,1725729,4258546,92,11
319,0,0,0,0,0,0,0,4266555,11,87,1733835,11,334093,92,11,1733830,4266647,92,11
318,0,0,0,0,0,0,0,4274656,11,87,1741936,11,341878,92,11,1741931,4274748,92,11
317,0,0,0,0,0,0,0,4282757,11,87,1750037,11,349663,92,11,1750032,4282849,92,11
316,0,0,0,0,0,0,0,4290858,11,87,1758138,11,357449,92,11,1758133,4290950,92,11
315,0,0,0,0,0,0,0,4298959,11,87,1766239,11,365236,92,11,1766234,4299051,92,11
314,0,0,0,0,0,0,0,4307060,11,87,1774340,11,373024,92,11,1774335,4307152,92,11
313,0,0,0,0,0,0,0,4315161,11,87,1782441,11,380813,92,11,1782436,4315253,92,11
312,0,0,0,0,0,0,0,4323262,11,87,1790542,11,388602,92,11,1790537,4323354,92,11
311,0,0,0,0,0,0,0,4331363,11,87,1798643,11,396406,92,11,1798638,4331455,92,11
310,0,0,0,0,0,0,0,4339464,11,87,1806744,11,404225,92,11,1806739,4339556,92,11
309,0,0,0,0,0,0,0,4347565,11,87,1814845,11,412060,92,11,1814840,4347657,92,11
308,0,0,0,0,0,0,0,4355666,11,87,1822946,11,419899,92,11,1822941,4355758,92,11
307,0,0,0,0,0,0,0,4363767,11,87,1831047,11,427743,92,11,1831042,4363859,92,11
306,0,0,0,0,0,0,0,4371868,11,87,1839148,11,435592,92,11,1839143,4371960,92,11
305,0,0,0,0,0,0,0,4379969,11,87,1847249,11,443445,92,11,1847244,4380061,92,11
304,0,0,0,0,0,0,0,4388070,11,87,1855350,11,451303,92,11,1855345,4388162,92,11
303,0,0,0,0,0,0,0,4396171,11,87,1863451,11,459166,92,11,1863446,4396263,92,11
302,0,0,0,0,0,0,0,4404272,11,87,1871552,11,467029,92,11,1871547,4404364,92,11
301,0,0,0,0,0,0,0,4412373,11,87,1879653,11,474892,92,11,1879648,4412465,92,11
300,0,0,0,0,0,0,0,4420474,11,87,1887754,11,482755,92,11,1887749,4420566,92,11
299,0,0,0,0,0,0,0,4428575,11,87,1895855,11,490618,92,11,1895850,4428667,92,11
298,0,0,0,0,0,0,0,4436676,11,87,1903956,11,498482,92,11,1903951,4436768,92,11
297,0,0,0,0,0,0,0,4444777,11,87,1912057,11,506346,92,11,1912052,4444869,92,11
296,0,0,0,0,0,0,0,4452878,11,87,1920158,11,514215,92,11,1920153,4452970,92,11
295,0,0,0,0,0,0,0,4460979,11,87,1928259,11,522088,92,11,1928254,4461071,92,11
294,0,0,0,0,0,0,0,4469080,11,87,1936360,11,529971,92,11,1936355,4469172,92,11
293,0,0,0,0,0,0,0,4477181,11,87,1944461,11,537861,92,11,1944456,4477273,92,11
292,0,0,0,0,0,0,0,4485282,11,87,1952562,11,545764,92,11,1952557,4485374,92,11
291,0,0,0,0,0,0,0,4493383,11,87,1960663,11,553675,92,11,1960658,4493475,92,11
290,0,0,0,0,0,0,0,4501484,11,87,1968764,11,561653,92,11,1968759,4501576,92,11
289,0,0,0,0,0,0,0,4509585,11,87,1976865,11,569693,92,11,1976860,4509677,92,11
288,0,0,0,0,0,0,0,4517686,11,87,1984966,11,577794,92,11,1984961,4517778,92,11
287,0,0,0,0,0,0,0,4525787,11,87,1993067,11,585895,92,11,1993062,4525879,92,11
286,0,0,0,0,0,0,0,4533888,11,87,2001168,11,593996,92,11,2001163,4533980,92,11
285,0,0,0,0,0,0,0,4541989,11,87,2009269,11,602097,92,2595,2009264,4542081,92,11
284,0,0,0,0,0,0,0,4550090,11,87,2017370,11,610198,92,7762,2017365,4550182,92,11
283,0,0,0,0,0,0,0,4558191,11,87,2025471,11,618299,92,15512,2025466,4558283,92,11
282,0,0,0,0,0,0,0,4566292,11,87,2033572,11,626400,92,23262,2033567,4566384,92,11
281,0,0,0,0,0,0,0,4574393,11,87,2041673,11,634501,92,31016,2041668,4574485,92,11
280,0,0,0,0,0,0,0,4582494,11,87,2049774,11,642602,92,38774,2049769,4582586,92,11
279,0,0,0,0,0,0,0,4590595,11,87,2057875,11,650703,92,46537,2057870,4590687,92,11
278,0,0,0,0,0,0,0,4598696,11,87,2065976,11,658804,92,54300,2065971,4598788,92,11
277,0,0,0,0,0,0,0,4606797,11,87,2074077,11,666905,92,62063,2074072,4606889,92,11
276,0,0,0,0,0,0,0,4614898,11,87,2082178,11,675006,92,69826,2082173,4614990,92,11
275,0,0,0,0,0,0,0,4622999,11,87,2090279,11,683107,92,77589,2090274,4623091,92,11
274,0,0,0,0,0,0,0,4631100,11,87,2098380,11,691208,92,85352,2098375,4631192,92,11
273,0,0,0,0,0,0,0,4639201,11,87,2106481,11,699309,92,93115,2106476,4639293,92,11
272,0,0,0,0,0,0,0,4647302,11,87,2114582,11,707410,92,100879,2114577,4647394,92,11
271,0,0,0,0,0,0,0,4655403,11,87,2122683,11,715511,92,108643,2122678,4655495,92,11
270,0,0,0,0,0,0,0,4663504,11,87,2130784,11,723612,92,116408,2130779,4663596,92,11
269,0,0,0,0,0,0,0,4671605,11,87,2138885,11,731713,2676,124174,2138880,4671697,92,11
268,0,0,0,0,0,0,0,4679706,11,87,2146986,11,739814,7843,131940,2146981,4679798,92,11
267,0,0,0,0,0,0,0,4687807,11,87,2155087,11,747915,15593,139706,2155082,4687899,92,11
266,0,0,0,0,0,0,0,4695908,11,87,2163188,11,756016,23343,147473,2163183,4696000,92,11
265,0,0,0,0,0,0,0,4704009,11,87,2171289,11,764117,31097,155241,2171284,4704101,92,11
264,0,0,0,0,0,0,0,4712110,11,87,2179390,11,772218,38855,163009,2179385,4712202,92,11
263,0,0,0,0,0,0,0,4720211,11,87,2187491,11,780319,46618,170777,2187486,4720303,92,11
262,0,0,0,0,0,0,0,4728312,11,87,2195592,11,788420,54381,178545,2195587,4728404,92,11
261,0,0,0,0,0,0,0,4736413,11,87,2203693,11,796521,62144,186314,2203688,4736505,92,11
260,0,0,0,0,0,0,0,4744514,11,87,2211794,11,804622,69907,194088,2211789,4744606,92,11
259,0,0,0,0,0,0,0,4752615,11,87,2219895,11,812723,77670,201866,2219890,4752707,92,11
258,0,0,0,0,0,0,0,4760716,11,87,2227996,11,820824,85433,209649,2227991,4760808,92,11
257,0,0,0,0,0,0,0,4768817,11,87,2236097,11,828925,93197,217432,2236092,4768909,92,11
256,0,0,0,0,0,0,0,4776918,11,87,2244198,11,837026,100961,225215,2244193,4777010,92,11
255,0,0,0,0,0,0,0,4785019,11,87,2252299,11,845127,108726,232999,2252294,4785111,92,11
254,0,0,0,0,0,0,0,4793120,11,87,2260400,11,853228,116492,240783,2260395,4793212,92,11
253,0,0,0,0,0,0,0,4801221,11,87,2268501,11,861329,124258,248567,2268496,4801313,92,11
252,0,0,0,0,0,0,0,4809322,11,87,2276602,11,869430,132024,256351,2276597,4809414,92,11
251,0,0,0,0,0,0,0,4817423,11,87,2284703,11,877531,139791,264136,2284698,4817515,92,11
250,0,0,0,0,0,0,0,4825524,11,87,2292804,11,885632,147559,271921,2292799,4825616,92,11
249,0,0,0,0,0,0,0,4833625,11,87,2300905,11,893733,155327,279707,2300900,4833717,92,11
248,0,0,0,0,0,0,0,4841726,11,87,2309006,11,901834,163095,287494,2309001,4841818,92,11
247,0,0,0,0,0,0,0,4849827,11,87,2317107,11,909935,170863,295282,2317102,4849919,92,11
246,0,0,0,0,0,0,0,4857928,11,87,2325208,11,918036,178632,303071,2325203,4858020,92,11
245,0,0,0,0,0,0,0,4866029,11,87,2333309,11,926137,186406,310875,2333304,4866121,92,11
244,0,0,0,0,0,0,0,4874130,11,87,2341410,11,934238,194184,318694,2341405,4874222,92,11
243,0,0,0,0,0,0,0,4882231,11,87,2349511,11,942339,201967,326533,2349506,4882323,92,11
242,0,0,0,0,0,0,0,4890332,11,87,2357612,11,950440,209750,334377,2357607,4890424,92,11
241,0,0,0,0,0,0,0,4898433,11,87,2365713,11,958541,217534,342226,2365708,4898525,92,11
240,0,0,0,0,0,0,0,4906534,11,87,2373814,11,966642,225318,350080,2373809,4906626,92,11
239,0,0,0,0,0,0,0,4914635,11,87,2381915,11,974743,233102,357938,2381910,4914727,92,11
238,0,0,0,0,0,0,0,4922736,11,87,2390016,11,982844,240886,365801,2390011,4922828,92,11
237,0,0,0,0,0,0,0,4930837,11,87,2398117,11,990945,248671,373664,2398112,4930929,92,11
236,0,0,0,0,0,0,0,4938938,11,87,2406218,11,999046,256456,381527,2406213,4939030,92,11
235,0,0,0,0,0,0,0,4947039,11,87,2414319,11,1007147,264242,389391,2414314,4947131,92,11
234,0,0,0,0,0,0,0,4955140,11,87,2422420,11,1015248,272029,397259,2422415,4955232,92,11
233,0,0,0,0,0,0,0,4963241,11,87,2430521,11,1023349,279817,405132,2430516,4963333,92,11
232,0,0,0,0,0,0,0,4971342,11,87,2438622,11,1031450,287606,413015,2438617,4971434,92,11
231,0,0,0,0,0,0,0,4979443,11,87,2446723,11,1039551,295410,420904,2446718,4979535,92,11
230,0,0,0,0,0,0,0,4987544,11,87,2454824,11,1047652,303229,428807,2454819,4987636,92,11
229,0,0,0,0,0,0,0,4995645,11,87,2462925,11,1055753,311069,436722,2462920,4995737,92,11
228,0,0,0,0,0,0,0,5003746,11,87,2471026,11,1063854,318913,444705,2471021,5003838,92,11
227,0,0,0,0,0,0,0,5011847,2595,87,2479127,11,1071955,326766,452750,2479122,5011939,92,11
226,0,0,0,0,0,0,0,5019948,7762,87,2487228,11,1080056,334624,460851,2487223,5020040,92,11
225,0,0,0,0,0,0,0,5028049,15512,87,2495329,11,1088157,342487,468952,2495324,5028141,92,11
224,0,0,0,0,0,0,0,5036150,23262,87,2503430,11,1096258,350350,477053,2503425,5036242,92,11
223,0,0,0,0,0,0,0,5044251,31016,87,2511531,11,1104359,358213,485154,2511526,5044343,92,11
222,0,0,0,0,0,0,0,5052352,38774,87,2519632,11,1112460,366077,493255,2519627,5052444,92,11
221,0,0,0,0,0,0,0,5060453,46537,87,2527733,11,1120561,373945,501356,2527728,5060545,92,11
220,0,0,0,0,0,0,0,5068554,54300,87,2535834,11,1128662,381818,509457,2535829,5068646,92,11
219,0,0,0,0,0,0,0,5076655,62063,87,2543935,11,1136763,389701,517558,2543930,5076747,92,11
218,0,0,0,0,0,0,0,5084756,69826,87,2552036,11,1144864,397590,525659,2552031,5084848,92,11
217,0,0,0,0,0,0,0,5092857,77590,87,2560137,11,1152965,405494,533760,2560132,5092949,92,11
216,0,0,0,0,0,0,0,5100958,85354,87,2568238,11,1161066,413465,541861,2568233,5101050,92,11
215,0,0,0,0,0,0,0,5109059,93118,87,2576339,11,1169167,421505,549962,2576334,5109151,92,11
214,0,0,0,0,0,0,0,5117160,100884,87,2584440,11,1177268,429606,558063,2584435,5117252,92,11
213,0,0,0,0,0,0,0,5125261,108650,87,2592541,11,1185369,437707,566164,2592536,5125353,92,11
212,0,0,0,0,0,0,0,5133362,116417,87,2600642,11,1193470,445808,574265,2600637,5133454,92,11
211,0,0,0,0,0,0,0,5141463,124185,87,2608743,11,1201571,453909,582366,2608738,5141555,92,11
210,0,0,0,0,0,0,0,5149564,131953,87,2616844,11,1209672,462010,590467,2616839,5149656,92,11
209,0,0,0,0,0,0,0,5157665,139721,87,2624945,11,1217773,470111,598568,2624940,5157757,92,11
208,0,0,0,0,0,0,0,5165766,147489,87,2633046,11,1225874,478212,606669,2633041,5165858,92,11
207,0,0,0,0,0,0,0,5173867,155258,87,2641147,11,1233975,486313,614770,2641142,5173959,92,11
206,0,0,0,0,0,0,0,5181968,163032,87,2649248,11,1242076,494414,622871,2649243,5182060,92,11
205,0,0,0,0,0,0,0,5190069,170810,87,2657349,11,1250177,502515,630972,2657344,5190161,92,11
204,0,0,0,0,0,0,0,5198170,178593,87,2665450,11,1258278,510616,639073,2665445,5198262,92,11
203,0,0,0,0,0,0,0,5206271,186377,87,2673551,11,1266379,518717,647174,2673546,5206363,92,11
202,0,0,0,0,0,0,0,5214372,194161,87,2681652,11,1274480,526818,655275,2681647,5214464,92,11
201,0,0,0,0,0,0,0,5222473,201945,87,2689753,11,1282581,534919,663376,2689748,5222565,92,11
200,0,0,0,0,0,0,0,5230574,209730,87,2697854,11,1290682,543020,671477,2697849,5230666,92,11
199,0,0,0,0,0,0,0,5238675,217515,87,2705955,11,1298783,551121,679578,2705950,5238767,92,11
198,0,0,0,0,0,0,0,5246776,225300,87,2714056,11,1306884,559222,687679,2714051,5246868,92,11
197,0,0,0,0,0,0,0,5254877,233087,87,2722157,11,1314985,567323,695780,2722152,5254969,92,11
196,0,0,0,0,0,0,0,5262978,240875,87,2730258,11,1323086,575424,703881,2730253,5263070,92,11
195,0,0,0,0,0,0,0,5271079,248679,87,2738359,11,1331187,583525,711982,2738354,5271171,92,11
194,0,0,0,0,0,0,0,5279180,256498,87,2746460,11,1339288,591626,720083,2746455,5279272,92,11
193,0,0,0,0,0,0,0,5287281,264338,87,2754561,11,1347389,599727,728184,2754556,5287373,92,11
192,0,0,0,0,0,0,0,5295382,272182,87,2762662,11,1355490,607828,736285,2762657,5295474,92,11
191,0,0,0,0,0,0,0,5303483,280036,87,2770763,11,1363591,615929,744386,2770758,5303575,92,11
190,0,0,0,0,0,0,0,5311584,287894,87,2778864,11,1371692,624030,752487,2778859,5311676,92,11
189,0,0,0,0,0,0,0,5319685,295757,87,2786965,11,1379793,632131,760588,2786960,5319777,92,11
188,0,0,0,0,0,0,0,5327786,303620,87,2795066,11,1387894,640232,768689,2795061,5327878,92,11
187,0,0,0,0,0,0,0,5335887,311484,87,2803167,11,1395995,648333,776790,2803162,5335979,92,11
186,0,0,0,0,0,0,0,5343988,319352,87,2811268,11,1404096,656434,784891,2811263,5344080,92,11
185,0,0,0,0,0,0,0,5352089,327229,87,2819369,11,1412197,664535,792992,2819364,5352181,92,11
184,0,0,0,0,0,0,0,5360190,335116,87,2827470,11,1420298,672636,801093,2827465,5360282,92,11
183,0,0,0,0,0,0,0,5368291,343018,87,2835571,11,1428399,680737,809194,2835566,5368383,92,11
182,0,0,0,0,0,0,0,5376392,350989,87,2843672,11,1436500,688838,817295,2843667,5376484,92,11
181,0,0,0,0,0,0,0,5384493,359029,87,2851773,11,1444601,696939,825396,2851768,5384585,92,11
180,0,0,0,0,0,0,2584,5392594,367130,87,2859874,11,1452702,705040,833497,2859869,5392686,92,11
179,0,0,0,0,0,0,7751,5400695,375231,87,2867975,11,1460803,713141,841598,2867970,5400787,92,11
178,0,0,0,0,0,0,15501,5408796,383332,87,2876076,11,1468904,721242,849699,2876071,5408888,92,11
177,0,0,0,0,0,0,23255,5416897,391433,87,2884177,11,1477005,729343,857800,2884172,5416989,92,11
176,0,0,0,0,0,0,31013,5424998,399534,87,2892278,11,1485106,737444,865901,2892273,5425090,92,11
175,0,0,0,0,0,0,38776,5433099,407635,87,2900379,11,1493207,745545,874002,2900374,5433191,92,11
174,0,0,0,0,0,0,46539,5441200,415736,87,2908480,11,1501308,753646,882103,2908475,5441292,92,11
173,0,0,0,0,0,0,54302,5449301,423837,87,2916581,11,1509409,761747,890204,2916576,5449393,92,11
172,0,0,0,0,0,0,62066,5457402,431938,87,2924682,11,1517510,769848,898305,2924677,5457494,92,2595
171,0,0,0,0,0,0,69830,5465503,440039,87,2932783,11,1525611,777949,906406,2932778,5465595,92,7762
170,0,0,0,0,0,0,77596,5473604,448140,87,2940884,11,1533712,786050,914507,2940879,5473696,92,15512
169,0,0,0,0,0,0,85362,5481705,456241,87,2948985,11,1541813,794151,922608,2948980,5481797,92,23266
168,0,0,0,0,0,0,93129,5489806,464342,87,2957086,11,1549914,802252,930709,2957081,5489898,92,31024
167,0,0,0,0,0,0,100897,5497907,472443,87,2965187,11,1558015,810353,938810,2965182,5497999,92,38787
166,0,0,0,0,0,0,108665,5506008,480544,87,2973288,11,1566116,818454,946911,2973283,5506100,92,46550
165,0,0,0,0,0,0,116433,5514109,488645,87,2981389,11,1574217,826555,955012,2981384,5514201,92,54313
164,0,0,0,0,0,0,124207,5522210,496746,87,2989490,11,1582318,834656,963113,2989485,5522302,92,62077
163,0,0,0,0,0,0,131985,5530311,504847,87,2997591,11,1590419,842757,971214,2997586,5530403,92,69841
162,0,0,0,0,0,0,139768,5538412,512948,87,3005692,11,1598520,850858,979315,3005687,5538504,92,77607
161,0,0,0,0,0,0,147552,5546513,521049,87,3013793,11,1606621,858959,987416,3013788,5546605,92,85373
160,0,0,0,0,0,0,155336,5554614,529150,87,3021894,11,1614722,867060,995517,3021889,5554706,92,93140
159,0,0,0,0,0,0,163120,5562715,537251,87,3029995,11,1622823,875161,1003618,3029990,5562807,92,100908
158,0,0,0,0,0,0,170905,5570816,545352,87,3038096,11,1630924,883262,1011719,3038091,5570908,92,108676
157,0,0,0,0,0,0,178692,5578917,553453,87,3046197,11,1639025,891363,1019820,3046192,5579009,92,116444
156,0,0,0,0,0,0,186480,5587018,561554,87,3054298,11,1647126,899464,1027921,3054293,5587110,92,124218
155,0,0,0,0,0,2584,194284,5595119,569655,87,3062399,11,1655227,907565,1036022,3062394,5595211,92,131996
154,0,0,0,0,0,7751,202103,5603220,577756,87,3070500,11,1663328,915666,1044123,3070495,5603312,92,139780
153,0,0,0,0,0,15505,209943,5611321,585857,87,3078601,11,1671429,923767,1052224,3078596,5611413,92,147564
152,0,0,0,0,0,23263,217791,5619422,593958,87,3086702,11,1679530,931868,1060325,3086697,5619514,92,155348
151,0,0,0,0,0,31026,225649,5627523,602059,87,3094803,11,1687631,939969,1068426,3094798,5627615,92,163133
150,0,0,0,0,0,38789,233512,5635624,610160,87,3102904,11,1695732,948070,1076527,3102899,5635716,92,170918
149,0,0,0,0,0,46553,241376,5643725,618261,87,3111005,11,1703833,956171,1084628,3111000,5643817,92,178705
148,0,0,0,0,0,54317,249244,5651826,626362,87,3119106,11,1711934,964272,1092729,3119101,5651918,92,186493
147,0,0,0,0,0,62082,257121,5659927,634463,87,3127207,11,1720035,972373,1100830,3127202,5660019,92,194297
146,0,0,0,0,0,69848,265008,5668062,642564,87,3135308,11,1728136,980474,1108931,3135303,5668120,92,202121
145,0,0,0,0,0,77615,272916,5676163,650665,87,3143409,11,1736237,988575,1117032,3143404,5676221,92,209969
144,0,0,0,0,0,85383,280891,5684264,658766,87,3151510,11,1744338,996676,1125133,3151505,5684322,92,217827
143,0,0,0,0,0,93151,288936,5692365,666867,87,3159611,11,1752439,1004777,1133234,3159606,5692423,92,225690
142,0,0,0,0,0,100923,297037,5700466,674968,87,3167712,11,1760540,1012878,1141335,3167707,5700524,92,233554
141,0,0,0,0,0,108701,305138,5708567,683069,87,3175813,11,1768641,1020979,1149436,3175808,5708625,92,241422
140,0,0,0,0,0,116484,313239,5716668,691170,87,3183914,11,1776742,1029080,1157537,3183909,5716726,92,249300
139,0,0,0,0,0,124268,321340,5724769,699271,87,3192015,11,1784843,1037181,1165638,3192010,5724827,92,257195
138,0,0,0,0,0,132052,329441,5732870,707372,87,3200116,11,1792944,1045282,1173739,3200111,5732928,92,265166
137,0,0,0,0,0,139837,337542,5740971,715473,87,3208217,11,1801045,1053383,1181840,3208212,5741029,92,273206
136,0,0,0,0,0,147622,345643,5749072,723574,87,3216318,11,1809146,1061484,1189941,3216313,5749130,92,281307
135,0,0,0,0,0,155409,353744,5757173,731675,87,3224419,11,1817247,1069585,1198042,3224414,5757231,92,289408
134,0,0,0,0,0,163212,361845,5765274,739776,87,3232520,11,1825348,1077686,1206143,3232515,5765332,92,297509
133,0,0,0,0,0,171031,369946,5773375,747877,87,3240621,11,1833449,1085787,1214244,3240616,5773433,92,305610
132,0,0,0,0,0,178871,378047,5781476,755978,87,3248722,11,1841550,1093888,1222345,3248717,5781534,92,313711
131,0,0,0,0,0,186720,386148,5789577,764079,87,3256823,11,1849651,1101989,1230446,3256818,5789635,92,321812
130,0,0,0,0,0,194578,394249,5797678,772180,87,3264924,11,1857752,1110090,1238547,3264919,5797736,92,329913
129,0,0,0,0,0,202441,402350,5805779,780281,87,3273025,11,1865853,1118191,1246648,3273020,5805837,92,338014
128,0,0,0,0,0,210305,410451,5813880,788382,87,3281126,11,1873954,1126292,1254749,3281121,5813938,92,346115
127,0,0,0,0,0,218178,418552,5821981,796483,87,3289227,11,1882055,1134393,1262850,3289222,5822039,92,354216
126,0,0,0,0,0,226060,426665,5830082,804584,87,3297328,11,1890156,1142494,1270951,3297323,5830140,92,362317
125,0,0,0,0,0,234024,434766,5838183,812685,87,3305429,11,1898257,1150595,1279052,3305424,5838241,92,370418
124,0,0,0,0,0,242057,442867,5846284,820786,87,3313530,11,1906358,1158696,1287153,3313525,5846342,92,378519
123,0,0,0,0,0,250158,450968,5854385,828887,87,3321631,11,1914459,1166797,1295254,3321626,5854443,92,386620
122,0,0,0,0,0,258259,459069,5862486,836988,87,3329732,11,1922560,1174898,1303355,3329727,5862544,92,394721
121,0,0,0,0,0,266360,467170,5870587,845089,87,3337833,11,1930661,1182999,1311456,3337828,5870645,92,402822
120,0,0,0,0,0,274461,475271,5878688,853190,87,3345934,11,1938762,1191100,1319557,3345929,5878746,92,410923
119,0,0,0,0,0,282562,483372,5886789,861291,87,3354035,11,1946863,1199201,1327658,3354030,5886847,92,419024
118,0,0,0,0,0,290663,491473,5894890,869392,87,3362136,11,1954964,1207302,1335759,3362131,5894948,92,427125
117,0,0,0,0,0,298764,499574,5902991,877493,87,3370237,11,1963065,1215403,1343860,3370232,5903049,92,435226
116,0,0,0,0,0,306865,507675,5911092,885594,87,3378338,11,1971166,1223504,1351961,3378333,5911150,92,443327
115,0,0,0,0,0,314966,515776,5919193,893695,87,3386439,11,1979267,1231605,1360062,3386434,5919251,92,451428
114,0,0,0,0,0,323067,523877,5927294,901796,87,3394540,11,1987368,1239706,1368163,3394535,5927352,92,459529
113,0,0,0,0,0,331168,531978,5935395,909897,87,3402641,11,1995469,1247807,1376264,3402636,5935453,92,467630
112,0,0,0,0,0,339269,540079,5943496,917998,87,3410742,11,2003570,1255908,1384365,3410737,5943554,92,475731
111,0,0,0,0,0,347370,548180,5951597,926099,87,3418843,11,2011671,1264009,1392466,3418838,5951655,92,483832
110,0,0,0,0,0,355471,556281,5959698,934200,87,3426944,11,2019772,1272110,1400567,3426939,5959756,92,491933
109,0,0,0,0,0,363572,564382,5967799,942301,87,3435045,11,2027873,1280211,1408668,3435040,5967857,92,500034
108,0,0,0,0,0,371673,572483,5975900,950402,87,3443146,2595,2035974,1288312,1416769,3443141,5975958,92,508135
107,0,0,0,0,0,379774,580584,5984001,958503,87,3451247,7762,2044075,1296413,1424870,3451242,5984059,92,516236
106,0,0,0,0,0,387875,588685,5992102,966604,87,3459348,15516,2052176,1304514,1432971,3459343,5992160,92,524337
105,0,0,0,0,0,395976,596786,6000203,974705,87,3467449,23274,2060277,1312615,1441072,3467444,6000261,92,532438
104,0,0,0,0,0,404077,604887,6008304,982806,87,3475550,31037,2068378,1320716,1449173,3475545,6008362,92,540539
103,0,0,0,0,0,412178,612988,6016405,990907,87,3483651,38801,2076479,1328817,1457274,3483646,6016463,92,548640
102,0,0,0,0,0,420279,621089,6024506,999008,87,3491752,46566,2084580,1336918,1465375,3491747,6024564,92,556741
101,0,0,0,0,0,428380,629190,6032607,1007109,87,3499853,54333,2092681,1345019,1473476,3499848,6032665,92,564842
100,0,0,0,0,0,436481,637291,6040708,1015210,87,3507954,62101,2100782,1353120,1481577,3507949,6040766,92,572943
99,0,0,0,0,0,444582,645392,6048809,1023311,87,3516055,69869,2108883,1361221,1489678,3516050,6048867,92,581044
98,0,0,0,0,0,452683,653493,6056910,1031412,87,3524156,77642,2116984,1369322,1497779,3524151,6056968,92,589145
97,0,0,0,0,0,460784,661594,6065011,1039513,87,3532257,85421,2125085,1377423,1505880,3532252,6065069,92,597246
96,0,0,0,0,0,468885,669695,6073112,1047614,87,3540358,93205,2133186,1385524,1513981,3540353,6073170,92,605347
95,0,0,0,0,0,476986,677796,6081213,1055715,87,3548459,100989,2141287,1393625,1522082,3548454,6081271,92,613448
94,0,0,0,0,0,485087,685897,6089314,1063816,87,3556560,108776,2149388,1401726,1530183,3556555,6089372,92,621549
93,0,0,0,0,0,493188,693998,6097415,1071917,87,3564661,116579,2157489,1409827,1538284,3564656,6097473,92,629650
92,0,0,0,0,0,501289,702099,6105516,1080018,87,3572762,124403,2165590,1417928,1546385,3572757,6105574,92,637751
91,0,0,0,0,0,509390,710200,6113617,1088119,87,3580863,132252,2173691,1426029,1554486,3580858,6113675,92,645852
90,0,0,0,0,0,517491,718301,6121718,1096220,87,3588964,140110,2181792,1434130,1562587,3588959,6121776,92,653953
89,0,0,0,0,0,525592,726402,6129819,1104321,87,3597065,147978,2189893,1442231,1570688,3597060,6129877,92,662054
88,0,0,0,0,0,533693,734503,6137920,1112422,87,3605166,155856,2197994,1450332,1578789,3605161,6137978,92,670155
87,0,0,0,0,0,541794,742604,6146021,1120523,87,3613267,163813,2206095,1458433,1586890,3613262,6146079,92,678256
86,0,0,0,0,0,549895,750705,6154122,1128624,87,3621368,171846,2214196,1466534,1594991,3621363,6154180,92,686357
85,0,0,0,0,0,557996,758806,6162223,1136725,87,3629469,179947,2222297,1474635,1603092,3629464,6162281,92,694458
84,0,0,0,0,0,566097,766907,6170324,1144826,87,3637570,188048,2230398,1482736,1611193,3637565,6170382,92,702559
83,0,0,0,0,0,574198,775008,6178425,1152927,87,3645671,196149,2238499,1490837,1619294,3645666,6178483,92,710660
82,0,0,0,0,0,582299,783109,6186526,1161028,87,3653772,204250,2246600,1498938,1627395,3653767,6186584,92,718761
81,0,0,0,0,0,590400,791210,6194627,1169129,87,3661873,212351,2254701,1507039,1635496,3661868,6194685,92,726862
80,0,0,0,0,0,598501,799311,6202728,1177230,87,3669974,220452,2262802,1515140,1643597,3669969,6202786,92,734963
79,0,0,0,0,0,606602,807412,6210829,1185331,87,3678075,228553,2270903,1523241,1651698,3678070,6210887,92,743064
78,0,0,0,0,0,614703,815513,6218930,1193432,87,3686176,236654,2279004,1531342,1659799,3686171,6218988,92,751165
77,0,0,0,0,0,622804,823614,6227031,1201533,87,3694277,244755,2287105,1539443,1667900,3694272,6227089,92,759266
76,0,0,0,0,0,630905,831715,6235132,1209634,87,3702378,252856,2295206,1547544,1676001,3702373,6235190,92,767367
75,0,0,0,0,0,639006,839816,6243233,1217735,87,3710479,260957,2303307,1555645,1684102,3710474,6243291,92,775468
74,0,0,0,0,0,647107,847917,6251334,1225836,87,3718580,269058,2311408,1563746,1692203,3718575,6251392,92,783569
73,0,0,0,0,0,655208,856018,6259435,1233937,87,3726681,277159,2319509,1571847,1700304,3726676,6259493,92,791670
72,0,0,0,0,0,663309,864119,6267536,1242038,87,3734782,285260,2327610,1579948,1708405,3734777,6267594,92,799771
71,0,0,0,0,0,671410,872220,6275637,1250139,87,3742883,293361,2335711,1588049,1716506,3742878,6275695,92,807872
70,0,0,0,0,0,679511,880321,6283738,1258240,87,3750984,301462,2343812,1596150,1724607,3750979,6283796,92,815973
69,0,0,0,0,0,687612,888422,6291839,1266341,87,3759085,309563,2351913,1604251,1732708,3759080,6291897,92,824074
68,0,0,0,0,0,695713,896523,6299940,1274442,87,3767186,317664,2360014,1612352,1740809,3767181,6299998,2676,832175
67,0,0,0,0,0,703814,904624,6308041,1282543,87,3775287,325765,2368115,1620453,1748910,3775282,6308099,7847,840276
66,0,0,0,0,0,711915,912725,6316142,1290644,87,3783388,333866,2376216,1628554,1757011,3783383,6316200,15605,848377
65,0,0,0,0,0,720016,920826,6324243,1298745,87,3791489,341967,2384317,1636655,1765112,3791484,6324301,23370,856478
64,0,0,0,0,0,728117,928927,6332344,1306846,87,3799590,350068,2392418,1644756,1773213,3799585,6332402,31137,864579
63,0,0,0,0,0,736218,937028,6340445,1314947,2671,3807691,358169,2400519,1652857,1781314,3807686,6340503,38905,872680
62,0,0,0,0,0,744319,945129,6348546,1323048,7842,3815792,366270,2408620,1660958,1789415,3815787,6348604,46678,880781
61,0,0,0,0,0,752420,953230,6356647,1331149,15600,3823893,374371,2416721,1669059,1797516,3823888,6356705,54457,888882
60,0,0,0,0,0,760521,961331,6364748,1339250,23364,3831994,382472,2424822,1677160,1805617,3831989,6364806,62243,896983
59,0,0,0,0,0,768622,969432,6372849,1347351,31131,3840095,390573,2432923,1685261,1813718,3840090,6372907,70046,905084
58,0,0,0,0,0,776723,977533,6380950,1355452,38903,3848196,398674,2441024,1693362,1821819,3848191,6381008,77875,913185
57,0,0,0,0,0,784824,985634,6389051,1363553,46680,3856297,406775,2449125,1701463,1829920,3856292,6389109,85729,921286
56,0,0,0,0,0,792925,993735,6397152,1371654,54464,3864398,414876,2457226,1709564,1838021,3864393,6397210,93602,929387
55,0,0,0,0,0,801026,1001836,6405253,1379755,62250,3872499,422977,2465327,1717665,1846122,3872494,6405311,101555,937488
54,0,0,0,0,0,809127,1009937,6413354,1387856,70058,3880600,431078,2473428,1725766,1854223,3880595,6413412,109588,945589
53,0,0,0,0,0,817228,1018038,6421455,1395957,77891,3888701,439179,2481529,1733867,1862324,3888696,6421513,117689,953690
52,0,0,0,0,0,825329,1026139,6429556,1404058,85758,3896802,447280,2489630,1741968,1870425,3896797,6429614,125790,961791
51,0,0,0,0,0,833430,1034240,6437657,1412159,93708,3904903,455381,2497731,1750069,1878526,3904898,6437715,133891,969892
50,0,0,0,0,0,841531,1042341,6445758,1420260,101740,3913004,463482,2505832,1758170,1886627,3912999,6445816,141992,977993
49,0,0,0,0,0,849632,1050442,6453859,1428361,109841,3921105,471583,2513933,1766271,1894728,3921100,6453917,150093,986094
48,0,0,0,0,0,857733,1058543,6461960,1436462,117942,3929206,479684,2522034,1774372,1902829,3929201,6462018,158194,994195
47,0,0,0,0,0,865834,1066644,6470061,1444563,126043,3937307,487785,2530135,1782473,1910930,3937302,6470119,166295,1002296
46,0,0,0,0,0,873935,1074745,6478162,1452664,134144,3945408,495886,2538236,1790574,1919031,3945403,6478220,174396,1010397
45,0,0,0,0,0,882036,1082846,6486263,1460765,142245,3953509,503987,2546337,1798675,1927132,3953504,6486321,182497,1018498
44,0,0,0,0,0,890137,1090947,6494364,1468866,150346,3961610,512088,2554438,1806776,1935233,3961605,6494422,190598,1026599
43,0,0,0,0,0,898238,1099048,6502465,1476967,158447,3969711,520189,2562539,1814877,1943334,3969706,6502523,198699,1034700
42,0,0,0,0,0,906339,1107149,6510566,1485068,166548,3977812,528290,2570640,1822978,1951435,3977807,6510624,206800,1042801
41,0,0,0,0,0,914440,1115250,6518667,1493169,174649,3985913,536391,2578741,1831079,1959536,3985908,6518725,214901,1050902
40,0,0,0,0,0,922541,1123351,6526768,1501270,182750,3994014,544492,2586842,1839180,1967637,3994009,6526826,223002,1059003
39,0,0,0,0,0,930642,1131452,6534869,1509371,190851,4002115,552593,2594943,1847281,1975738,4002110,6534927,231103,1067104
38,0,0,0,0,0,938743,1139553,6542970,1517472,198952,4010216,560694,2603044,1855382,1983839,4010211,6543028,239204,1075205
37,0,0,0,0,0,946844,1147654,6551071,1525573,207053,4018317,568795,2611145,1863483,1991940,4018312,6551129,247305,1083306
36,0,0,0,0,0,954945,1155755,6559172,1533674,215154,4026418,576896,2619246,1871584,2000041,4026413,6559230,255406,1091407
35,0,0,0,0,0,963046,1163856,6567273,1541775,223255,4034519,584997,2627347,1879685,2008142,4034514,6567331,263507,1099508
34,0,0,0,0,0,971147,1171957,6575374,1549876,231356,4042620,593098,2635448,1887786,2016243,4042615,6575432,271608,1107609
33,0,0,0,0,0,979248,1180058,6583475,1557977,239457,4050721,601199,2643549,1895887,2024344,4050716,6583533,279709,1115710
32,0,0,0,0,0,987349,1188159,6591576,1566078,247558,4058822,609300,2651650,1903988,2032445,4058817,6591634,287810,1123811
31,0,0,0,0,0,995450,1196260,6599677,1574179,255659,4066923,617401,2659751,1912089,2040546,4066918,6599735,295911,1131912
30,0,0,0,0,0,1003551,1204361,6607778,1582280,263760,4075024,625502,2667852,1920190,2048647,4075019,6607836,304012,1140013
29,0,0,0,0,0,1011652,1212462,6615879,1590381,271861,4083125,633603,2675953,1928291,2056748,4083120,6615937,312113,1148114
28,0,0,0,0,0,1019753,1220563,6623980,1598482,279962,4091226,641704,2684054,1936392,2064849,4091221,6624038,320214,1156215
27,0,0,0,0,0,1027854,1228664,6632081,1606583,288063,4099327,649805,2692155,1944493,2072950,4099322,6632139,328315,1164316
26,0,0,0,0,0,1035955,1236765,6640182,1614684,296164,4107428,657906,2700256,1952594,2081051,4107423,6640240,336416,1172417
25,0,0,0,0,0,1044056,1244866,6648283,1622785,304265,4115529,666007,2708357,1960695,2089152,4115524,6648341,344517,1180518
24,0,0,0,0,0,1052157,1252967,6656384,1630886,312366,4123630,674108,2716458,1968796,2097253,4123625,6656442,352618,1188619
23,0,0,0,0,0,1060258,1261068,6664485,1638987,320467,4131731,682209,2724559,1976897,2105354,4131726,6664543,360719,1196720
22,0,0,0,0,0,1068359,1269169,6672586,1647088,328568,4139832,690310,2732660,1984998,2113455,4139827,6672644,368820,1204821
21,0,0,0,0,0,1076460,1277270,6680687,1655189,336669,4147933,698411,2740761,1993099,2121556,4147928,6680745,376921,1212922
20,0,0,0,0,0,1084561,1285371,6688788,1663290,344770,4156034,706512,2748862,2001200,2129657,4156029,6688846,385022,1221023
19,0,0,0,0,0,1092662,1293472,6696889,1671391,352871,4164135,714613,2756963,2009301,2137758,4164130,6696947,393123,1229124
18,0,0,0,0,0,1100763,1301573,6704990,1679492,360972,4172236,722714,2765064,2017402,2145859,4172231,6705048,401224,1237225
17,0,0,0,0,0,1108864,1309674,6713091,1687593,369073,4180337,730815,2773165,2025503,2153960,4180332,6713149,409325,1245326
16,0,0,0,0,0,1116965,1317775,6721192,1695694,377174,4188438,738916,2781266,2033604,2162061,4188433,6721250,417426,1253427
15,0,0,0,0,0,1125066,1325876,6729293,1703795,385275,4196539,747017,2789367,2041705,2170162,4196534,6729351,425527,1261528
14,0,0,0,0,0,1133167,1333977,6737394,1711896,393376,4204640,755118,2797468,2049806,2178263,4204635,6737452,433628,1269629
13,0,0,0,0,0,1141268,1342078,6745495,1719997,401477,4212741,763219,2805569,2057907,2186364,4212736,6745553,441729,1277730
12,0,0,0,0,0,1149369,1350179,6753596,1728098,409578,4220842,771320,2813670,2066008,2194465,4220837,6753654,449830,1285831
11,0,0,0,0,0,1157470,1358280,6761697,1736199,417679,4228943,779421,2821771,2074109,2202566,4228938,6761755,457931,1293932
10,0,0,0,0,0,1165571,1366381,6769798,1744300,425780,4237044,787522,2829872,2082210,2210667,4237039,6769856,466032,1302033
9,0,0,0,0,0,1173672,1374482,6777899,1752401,433881,4245145,795623,2837973,2090311,2218768,4245140,6777957,474133,1310134
8,0,0,0,0,0,1181773,1382583,6786000,1760502,441982,4253246,803724,2846074,2098412,2226869,4253241,6786058,482234,1318235
7,0,0,0,0,0,1189874,1390684,6794101,1768603,450083,4261347,811825,2854175,2106513,2234970,4261342,6794159,490335,1326336
6,0,0,0,0,0,1197975,1398785,6802202,1776704,458184,4269448,819926,2862276,2114614,2243071,4269443,6802260,498436,1334437
5,0,0,0,0,0,1206076,1406886,6810303,1784805,466285,4277549,828027,2870377,2122715,2251172,4277544,6810361,506537,1342538
4,0,0,0,0,0,1214177,1414987,6818404,1792906,474386,4285650,836128,2878478,2130816,2259273,4285645,6818462,514638,1350639
3,0,0,0,0,0,1222278,1423088,6826505,1801007,482487,4293751,844229,2886579,2138917,2267374,4293746,6826563,522739,1358740
2,0,0,0,0,0,817570,951449,4553808,1203399,324395,2865291,565534,1927155,1428705,1514319,2865286,4553866,351231,908549
1,0,0,0,0,0,410211,477155,2278622,603148,163617,1434263,284166,965118,715858,758632,1434258,2278680,177038,455700
